id,timestamp,_as_merge_idx,paperSheetsPrintedSafe,alerting,test,IR,IB,IY,test2
N438446,2022-10-29 00:27:46,29920,30625.0,0,0,100.67633824036699,103.3092199366625,99.6475568861343,0
N438446,2022-10-29 02:29:48,29921,30625.0,0,0,99.67197619439135,102.9820876068283,100.7167094646042,0
N438446,2022-10-29 04:31:32,29922,30625.0,0,0,102.77503124275957,105.16766525064304,106.89647714173978,0
N438446,2022-10-29 06:33:23,29923,30625.0,0,0,98.18370413694625,93.80349898151506,95.64950501882235,0
N438446,2022-10-29 08:35:35,29924,30625.0,0,0,98.69210769408994,93.71919393868735,95.68982128300146,0
N438446,2022-10-29 10:36:51,29925,30625.0,0,7276,101.65107373067221,107.4641348745452,96.8267359201032,0
N438446,2022-10-29 12:37:20,29926,30625.0,0,14505,101.72862235874477,101.89985255269788,99.76277663320806,0
N438446,2022-10-29 14:38:05,29927,30625.0,0,21750,100.29521423378851,101.53314486043425,96.03006182031629,0
N438446,2022-10-29 16:40:20,29928,30625.0,0,29085,98.6474654770627,100.25034388038482,110.93206657787117,0
N438446,2022-10-29 18:41:49,29929,30625.0,0,36374,101.79965306895974,92.64466683033413,102.30678870507134,0
N438446,2022-10-29 20:44:45,29930,30625.0,0,43750,98.806386619631,101.391561935983,107.16716088412298,0
N438446,2022-10-29 22:45:12,29931,30625.0,0,50977,99.52668673114025,95.48970086722937,90.60386409911149,0
N438446,2022-10-30 00:46:33,29932,30625.0,0,58258,98.81526037250421,92.87619375547466,102.47511190163303,0
N438446,2022-10-30 02:48:29,29933,30625.0,0,65574,102.53300196774605,108.59599296225355,98.01006725280824,0
N438446,2022-10-30 04:50:24,29934,30625.0,0,72889,100.63367400075963,111.32480761891533,108.68586703742521,1
N438446,2022-10-30 06:52:16,29935,30625.0,0,80201,100.00931999975442,90.94447326675068,106.79844884747794,0
N438446,2022-10-30 08:54:24,29936,30625.0,0,87529,99.23451694805614,101.48473715748298,101.06724210746096,0
N438446,2022-10-30 10:58:32,29937,30625.0,0,94977,100.68398570880389,94.63050386776085,91.49011288736997,0
N438446,2022-10-30 13:01:53,29938,30625.0,0,102378,100.03658145125782,98.89317800024398,110.64317928397358,0
N438446,2022-10-30 15:05:07,29939,30625.0,0,109772,98.37073103390932,91.53149481585663,98.47170788034926,0
N438446,2022-10-30 17:09:45,29940,30625.0,0,117250,99.21194088950416,102.63741527010748,100.69893136249347,0
N438446,2022-10-30 19:14:42,29941,30625.0,0,124747,100.0733347930328,100.57378307125958,111.09682085140571,0
N438446,2022-10-30 21:18:56,29942,30625.0,0,132201,98.87110429993488,91.65713867470178,100.24687510940362,0
N438446,2022-10-30 23:23:35,29943,30625.0,0,139680,100.78215795175866,92.64793867341729,102.65022869000877,0
N438446,2022-10-31 01:28:14,29944,30625.0,0,147159,101.15199355327938,98.89715205927685,92.4862565193539,0
N438446,2022-10-31 03:33:11,29945,30625.0,0,154656,101.30909643384737,102.42801691925132,102.87316953353672,0
N438446,2022-10-31 05:37:40,29946,30625.0,0,162125,99.34005086360027,105.33198849165385,100.6281016259366,0
N438446,2022-10-31 07:31:02,29947,30625.0,0,168927,99.50768301099953,104.89076382292868,110.7450007803445,0
N438446,2022-10-31 08:59:53,29948,30625.0,0,174258,101.33417182656741,98.21844403682982,111.78238425329707,0
N438446,2022-10-31 10:25:58,29949,30625.0,0,179423,100.92337778729404,103.74946271620323,102.30595383742805,0
N438446,2022-10-31 11:57:10,29950,30625.0,0,184895,100.67735434595824,93.82429153295855,95.57514447594328,0
N438446,2022-10-31 13:25:59,29951,30625.0,0,190224,99.34666215822652,95.03576569682646,90.43065686044889,0
N438446,2022-10-31 14:39:43,29952,30625.0,0,194648,101.3304679033048,102.97551700172556,103.57410468436407,0
N438446,2022-10-31 15:04:26,29953,30625.0,0,196131,98.86950892471292,91.95911900854404,95.84545999028175,0
N438446,2022-10-31 16:39:09,29954,30625.0,0,201814,100.68598560256642,93.03620963302792,100.98081581651701,0
N438446,2022-10-31 17:05:15,29955,30625.0,0,203380,97.23662928892361,101.12276503087708,99.96950966294229,0
N438446,2022-10-31 18:43:26,29956,30625.0,0,209271,101.28292251158231,112.48513366210793,96.59089439251665,1
N438446,2022-10-31 19:05:47,29957,30625.0,0,210612,102.17767221650325,101.59927412205302,94.05296288042999,0
N438446,2022-10-31 20:42:52,29958,30625.0,0,216437,99.50577721989741,86.10807414928732,106.8662895878226,1
N438446,2022-10-31 21:10:21,29959,30625.0,0,218086,100.1045278748449,105.60201462457881,106.05266179634147,0
N438446,2022-10-31 22:46:26,29960,30625.0,0,223851,102.31938760472212,95.07605685475038,110.2818102390405,0
N438446,2022-10-31 23:14:29,29961,30625.0,0,225534,99.62257705390581,100.91027314006453,103.55358737841804,0
N438446,2022-11-01 00:53:38,29962,30625.0,0,231483,101.54243749794531,95.07770597043489,102.35296724886521,0
N438446,2022-11-01 01:23:16,29963,30625.0,0,233261,99.2824177373402,92.47390500991598,98.31620583390368,0
N438446,2022-11-01 03:01:45,29964,30625.0,0,239170,100.4051126654441,95.26126922430278,99.20778046656982,0
N438446,2022-11-01 03:31:00,29965,30625.0,0,240925,98.10969147214949,96.89559705000318,104.69084439907789,0
N438446,2022-11-01 05:09:21,29966,30625.0,0,246826,98.66286063446573,92.20664676461625,97.63983004751273,0
N438446,2022-11-01 05:37:53,29967,30625.0,0,248538,100.23843144793382,96.49000909994038,99.41561128238847,0
N438446,2022-11-01 07:18:04,29968,30625.0,0,254549,100.44047401739915,102.39912036589804,102.34311031826716,0
N438446,2022-11-01 07:44:33,29969,30625.0,0,256138,100.14952392123121,97.63330944156324,102.82579742426952,0
N438446,2022-11-01 09:24:27,29970,30625.0,0,262132,100.73806742124671,95.29180420737893,111.425600355691,0
N438446,2022-11-01 09:51:08,29971,30625.0,0,263733,98.57827366618952,93.44322449596426,96.96870797051959,0
N438446,2022-11-01 11:30:59,29972,30625.0,0,269724,99.46063393684946,100.51553568846825,99.1260003885349,0
N438446,2022-11-01 11:57:03,29973,30625.0,0,271288,99.19231980781578,100.51100816582381,100.1607365084771,0
N438446,2022-11-01 13:37:18,29974,30625.0,0,277303,98.9389572096627,92.92415613252426,94.17452098000851,0
N438446,2022-11-01 14:03:18,29975,30625.0,0,278863,99.70777044501821,86.41847969438453,105.27217912997429,1
N438446,2022-11-01 15:44:04,29976,30625.0,0,284909,99.14269900596166,102.07588923261575,94.72320109002476,0
N438446,2022-11-01 16:10:52,29977,30625.0,0,286517,99.78543786696301,107.0593427918886,100.49520159563258,0
N438446,2022-11-01 17:51:40,29978,30625.0,0,292565,99.55547156929414,90.49618081019764,97.74334701170282,0
N438446,2022-11-01 18:19:23,29979,30625.0,0,294228,100.87045506165566,106.45504186736227,105.60716736720525,0
N438446,2022-11-01 19:59:42,29980,30625.0,0,300247,101.63387774673808,101.54163564587721,104.81471999448091,0
N438446,2022-11-01 20:27:07,29981,30625.0,0,301892,97.65070835454121,103.41205974904203,90.15607220201257,0
N438446,2022-11-01 22:07:28,29982,30625.0,0,307913,99.71302844991915,100.64487978822594,105.39768461012532,0
N438446,2022-11-01 22:34:48,29983,30625.0,0,309553,101.25717235460525,106.80674153117911,92.73147156744848,0
N438446,2022-11-02 00:15:03,29984,30625.0,0,315568,99.9499331086943,109.8236981355199,101.47396792185435,0
N438446,2022-11-02 00:42:43,29985,30625.0,0,317228,100.66694880547945,104.87507237875066,99.72486223065789,0
N438446,2022-11-02 02:23:00,29986,30625.0,0,323245,100.20224338108675,97.5393653386331,103.36213436206957,0
N438446,2022-11-02 02:54:10,29987,30625.0,0,325115,99.71002794026003,96.4767554028069,96.80578057497826,0
N438446,2022-11-02 04:32:18,29988,30625.0,0,331003,101.2298702213765,95.89717904284494,94.882780379725,0
N438446,2022-11-02 05:04:29,29989,30625.0,0,332934,98.629141183414,104.72448409358421,109.92405051329048,0
N438446,2022-11-02 06:35:41,29990,30625.0,0,338406,99.88951906576355,95.89091111214923,92.39073013579713,0
N438446,2022-11-02 07:06:26,29991,30625.0,0,340251,100.35927619980617,103.30387940010023,94.79193830890881,0
N438446,2022-11-02 08:13:06,29992,30625.0,0,344251,97.86969842059898,98.90519665269542,91.73152348816373,0
N438446,2022-11-02 08:34:08,29993,30625.0,0,345513,100.88115416112157,108.76219254480888,97.4165910690492,0
N438446,2022-11-02 09:42:11,29994,30627.0,0,349596,100.85133198493251,94.990918759695,110.42174592280415,0
N438446,2022-11-02 10:01:59,29995,30634.0,0,350784,101.4006513004747,98.3301784045542,98.37473651873461,0
N438446,2022-11-02 11:13:51,29996,30634.0,0,355096,100.66582731238854,103.03914109907726,97.79352217144059,0
N438446,2022-11-02 11:36:20,29997,30634.0,0,356445,98.01661880594247,95.04680257761412,103.6984833105389,0
N438446,2022-11-02 12:42:27,29998,30636.0,0,360412,99.93015065554751,95.37097838338957,99.55686086527987,0
N438446,2022-11-02 13:02:53,29999,30636.0,0,361638,100.04013227850943,92.70139244414374,109.72419115620342,0
N438446,2022-11-02 14:11:29,30000,30636.0,0,365754,99.13199936364617,103.89005650887604,95.34481152130785,0
N438446,2022-11-02 14:36:53,30001,30649.0,0,367278,97.6731370169122,100.49462791415158,103.98769296868751,0
N438446,2022-11-02 15:59:40,30002,30649.0,0,372245,100.33039587048125,90.22045681110404,107.60110518688943,1
N438446,2022-11-02 16:29:04,30003,30649.0,0,374009,100.8766072037852,102.43236341552665,95.77001584998489,0
N438446,2022-11-02 17:58:08,30004,30649.0,0,379353,100.53829078966143,105.85211926745279,89.94490232003794,0
N438446,2022-11-02 18:28:27,30005,30649.0,0,381172,101.31895422996169,93.37723877179117,102.76089976757427,0
N438446,2022-11-02 20:01:19,30006,30649.0,0,386744,98.65931768250374,101.29868057966416,94.67255135485718,0
N438446,2022-11-02 20:33:34,30007,30649.0,0,388679,100.41277760957712,106.96649390316358,104.43440074029128,0
N438446,2022-11-02 22:03:57,30008,30649.0,0,394102,99.7996760632522,102.68956627216768,98.31591009790107,0
N438446,2022-11-02 22:35:08,30009,30649.0,0,395973,97.81694050404656,101.88199808274919,97.39091488441518,0
N438446,2022-11-03 00:08:10,30010,30649.0,0,401555,100.01326897918277,87.91592302761956,101.82387048091519,1
N438446,2022-11-03 00:40:22,30011,30649.0,0,403487,98.68713897709775,103.26028437051885,97.73705324652148,0
N438446,2022-11-03 02:12:46,30012,30649.0,0,409031,99.8190702895721,102.14888147308544,107.11619938317644,0
N438446,2022-11-03 02:45:06,30013,30649.0,0,410971,101.38977713460241,93.77107357594424,94.59708529032036,0
N438446,2022-11-03 04:17:38,30014,30649.0,0,416523,101.04227235014969,95.9458695827809,95.28423647225752,0
N438446,2022-11-03 04:50:10,30015,30649.0,0,418475,98.93955834568692,99.43046644370526,100.88925236869503,0
N438446,2022-11-03 06:22:30,30016,30649.0,0,424015,98.95309112739722,109.00190848082963,99.97268163692365,1
N438446,2022-11-03 06:53:09,30017,30649.0,0,425854,100.68200771288028,102.78482316072586,103.87872989569594,0
N438446,2022-11-03 08:02:18,30018,30649.0,0,430003,100.03667701907105,92.5481305142154,109.1085092986836,0
N438446,2022-11-03 08:26:20,30019,30649.0,0,431445,99.7102743653155,105.99929041557903,102.05184149749898,0
N438446,2022-11-03 09:36:01,30020,30649.0,0,435626,100.724418077416,102.16231473369771,92.62946512157878,0
N438446,2022-11-03 09:56:31,30021,30649.0,0,436856,100.57373392692942,98.9134092537431,93.90778542604836,0
N438446,2022-11-03 11:03:44,30022,30649.0,0,440889,100.14367646244472,106.12136457341794,96.56807485652895,0
N438446,2022-11-03 11:30:43,30023,30649.0,0,442508,99.82050066310113,108.42402922650078,104.44309485616357,0
N438446,2022-11-03 12:32:18,30024,30649.0,0,446203,99.53646474579824,99.29796490905541,102.02759768455807,0
N438446,2022-11-03 13:04:40,30025,30649.0,0,448145,100.91928645900957,95.55408091477658,99.5109526605045,0
N438446,2022-11-03 15:47:57,30026,30650.0,0,457942,99.83392425666113,108.24089506777733,99.0792589907021,0
N438446,2022-11-03 16:14:16,30027,30650.0,0,459521,99.9412039549553,94.78591863195132,103.86360431632366,0
N438446,2022-11-03 17:15:02,30028,30650.0,0,463167,101.6829599675511,98.15818769311493,90.96093057435706,0
N438446,2022-11-03 17:43:28,30029,30650.0,0,464873,97.41622316951066,99.11834625529298,88.28388542694933,0
N438446,2022-11-03 18:58:37,30030,30650.0,0,469382,100.13586086993777,94.00858395575536,107.77342599536598,0
N438446,2022-11-03 19:29:41,30031,30650.0,0,471246,100.64087249595777,100.3063746084539,99.19452360864784,0
N438446,2022-11-03 21:01:48,30032,30650.0,0,476773,100.0401613061606,107.40414205885808,96.75692935582605,0
N438446,2022-11-03 21:34:39,30033,30650.0,0,478744,99.78913781089314,101.57117586450829,113.49196902494256,0
N438446,2022-11-03 23:06:45,30034,30650.0,0,484270,97.9580163186548,104.07364656637608,93.65909950870923,0
N438446,2022-11-03 23:38:57,30035,30650.0,0,486202,99.04099616613823,101.13968685844539,96.02333473332193,0
N438446,2022-11-04 01:09:38,30036,30650.0,0,491643,101.65632388625204,107.29694300743981,109.3496746724059,0
N438446,2022-11-04 01:43:44,30037,30650.0,0,493689,102.09774230815272,97.68719027268291,105.38227858169626,0
N438446,2022-11-04 03:12:45,30038,30650.0,0,499030,99.78091191851703,95.07384153363942,96.73119864188939,0
N438446,2022-11-04 03:46:54,30039,30650.0,0,501079,99.94000509589291,96.25538333259948,98.75123361596147,0
N438446,2022-11-04 05:15:50,30040,30650.0,0,506415,98.71042575190498,89.49774600244267,91.79694976659678,0
N438446,2022-11-04 05:50:12,30041,30650.0,0,508477,97.78572461885118,94.66754456430505,102.04475525100378,0
N438446,2022-11-04 07:08:34,30042,30650.0,0,513179,99.27021994127553,101.99994782030014,96.83890486841378,0
N438446,2022-11-04 07:39:19,30043,30652.0,0,515024,99.87974481701912,96.91472189436469,102.57706160208163,0
N438446,2022-11-04 08:40:42,30044,30652.0,0,518707,100.731675407295,92.4739487296964,101.62286890991435,0
N438446,2022-11-04 09:08:05,30045,30657.0,0,520350,98.2571079850418,102.28795211444621,100.1736813650739,0
N438446,2022-11-04 10:10:40,30046,30657.0,0,524105,100.54431033208031,96.55529193622624,92.44553982817398,0
N438446,2022-11-04 10:36:44,30047,30657.0,0,525669,102.53342928967413,105.86375305697881,105.22885920030821,0
N438446,2022-11-04 11:39:32,30048,30658.0,0,529437,100.56547454469892,93.89355095927868,102.54534843516667,0
N438446,2022-11-04 12:06:06,30049,30658.0,0,531031,101.69023235264592,103.173558106632,95.04952984845852,0
N438446,2022-11-04 13:08:06,30050,30658.0,0,534751,99.49440211430655,104.24068517314139,99.59871762607541,0
N438446,2022-11-04 13:33:21,30051,30658.0,0,536266,100.99873463898889,102.095529590835,96.08657156722727,0
N438446,2022-11-04 14:43:45,30052,30659.0,0,540490,102.12825539329906,97.99035819488401,104.00787515760074,0
N438446,2022-11-04 15:12:49,30053,30659.0,0,542234,98.55934352462961,97.74427265941752,95.77901479761375,0
N438446,2022-11-04 16:42:54,30054,30659.0,0,547639,101.4132506073301,97.41188586313582,104.22168485853348,0
N438446,2022-11-04 17:17:21,30055,30659.0,0,549706,101.04793552630262,96.83687493560917,101.52438976320431,0
N438446,2022-11-04 18:48:56,30056,30659.0,0,555201,100.55014174519897,103.93652898289022,99.87247593695216,0
N438446,2022-11-04 19:23:24,30057,30659.0,0,557269,100.80459217269674,103.20639986038185,105.2891536260456,0
N438446,2022-11-04 20:57:47,30058,30659.0,0,562932,100.37552733442212,99.7148949613907,105.04623049576514,0
N438446,2022-11-04 21:29:10,30059,30659.0,0,564815,98.74389087526093,108.5096555417067,100.90383641237516,0
N438446,2022-11-04 23:03:39,30060,30659.0,0,570484,101.5450289420548,99.59581755883524,102.35112157165891,0
N438446,2022-11-04 23:33:37,30061,30659.0,0,572282,97.80620820888868,96.23042017375717,102.29154913323926,0
N438446,2022-11-05 01:10:40,30062,30659.0,0,578105,98.88180373210842,104.15564210038572,94.61553489146876,0
N438446,2022-11-05 01:39:26,30063,30659.0,0,579831,100.4259449583844,102.22881600025592,109.24526211057132,0
N438446,2022-11-05 03:16:17,30064,30659.0,0,585642,101.21811116220854,102.88883592369392,89.6680881847248,0
N438446,2022-11-05 03:45:13,30065,30659.0,0,587378,101.30055608408203,101.83403849654182,99.22271422577904,0
N438446,2022-11-05 05:21:58,30066,30659.0,0,593183,102.10764423706225,104.71020904385796,100.28149008571658,0
N438446,2022-11-05 05:50:44,30067,30659.0,0,594909,99.8890854140956,101.55075568235769,102.34906106114082,0
N438446,2022-11-05 07:27:32,30068,30659.0,0,600717,100.91527171138208,100.13444284209365,99.23705262204224,0
N438446,2022-11-05 07:56:19,30069,30659.0,0,602444,99.28714132555989,91.705475246257,94.70528078858813,0
N438446,2022-11-05 09:34:35,30070,30659.0,0,608340,101.5299441290229,104.27976744369846,108.54374568600024,0
N438446,2022-11-05 10:04:09,30071,30659.0,0,610114,101.23564311819392,113.12531547404282,102.22437330441089,1
N438446,2022-11-05 11:43:05,30072,30659.0,0,616050,100.76372898104516,104.64053936128633,103.45027851992924,0
N438446,2022-11-05 12:12:54,30073,30659.0,0,617839,100.19438961306797,100.07448407124208,96.66206095149657,0
N438446,2022-11-05 13:50:07,30074,30659.0,0,623672,100.85650712845816,106.28887299014171,97.85256672648747,0
N438446,2022-11-05 14:19:52,30075,30659.0,0,625457,100.17526686400217,105.02963600582677,100.32287935384326,0
N438446,2022-11-05 15:57:10,30076,30659.0,0,631295,103.70346891097422,102.09913657108507,113.94067115932614,0
N438446,2022-11-05 16:29:51,30077,30659.0,0,633256,99.08468907960747,104.36020664252305,101.80983233341297,0
N438446,2022-11-05 18:05:49,30078,30659.0,0,639014,100.34177956938126,111.18223168011282,97.18380439184136,1
N438446,2022-11-05 18:37:24,30079,30659.0,0,640909,100.34937201065793,104.13026988388523,106.51580705814678,0
N438446,2022-11-05 20:12:57,30080,30659.0,0,646642,100.7341174924194,98.1319474528688,99.86376425676917,0
N438446,2022-11-05 20:45:16,30081,30659.0,0,648581,101.08403802805022,101.41032622869342,101.70198795328999,0
N438446,2022-11-05 22:19:01,30082,30659.0,0,654206,98.75965646908351,93.95628708137133,94.55190985787637,0
N438446,2022-11-05 22:54:49,30083,30659.0,0,656354,99.61644717228818,88.06873826729239,104.69752874024613,1
N438446,2022-11-06 00:26:54,30084,30659.0,0,661879,98.76610970543982,96.12003733246905,102.21169342512007,0
N438446,2022-11-06 01:01:54,30085,30659.0,0,663979,100.74265593473152,116.47086216876387,100.34938228093908,1
N438446,2022-11-06 02:34:15,30086,30659.0,0,669520,100.25585616964582,110.84827041538838,102.03881943576906,1
N438446,2022-11-06 03:09:11,30087,30659.0,0,671616,99.26490562650307,100.22352890456469,96.03706634786509,0
N438446,2022-11-06 04:41:19,30088,30659.0,0,677144,97.76886194992377,93.27534507774739,106.6393987711281,0
N438446,2022-11-06 05:16:16,30089,30659.0,0,679241,100.06253081697938,100.0151447389257,103.54509550766709,0
N438446,2022-11-06 06:49:09,30090,30659.0,0,684814,100.28027887407085,95.28699814209014,81.87625420499711,0
N438446,2022-11-06 07:23:40,30091,30659.0,0,686885,99.32044308776344,100.16999611378866,103.92239079514673,0
N438446,2022-11-06 08:56:34,30092,30659.0,0,692459,101.75723342103998,106.53135358733596,96.85666406042671,0
N438446,2022-11-06 09:30:40,30093,30659.0,0,694505,100.18979835855036,97.7156215070853,100.32107243269674,0
N438446,2022-11-06 11:04:05,30094,30659.0,0,700110,100.88383920707149,107.57206804087943,99.24438064840096,0
N438446,2022-11-06 11:38:10,30095,30659.0,0,702155,100.13590351386341,102.79694247159944,96.83365941890793,0
N438446,2022-11-06 13:11:11,30096,30659.0,0,707736,98.67548344793947,88.93487404651935,108.69847241175403,0
N438446,2022-11-06 13:45:27,30097,30659.0,0,709792,101.31790150556311,103.31988796211586,97.81970487696839,0
N438446,2022-11-06 15:18:19,30098,30659.0,0,715364,100.05623963802373,98.61654882153654,89.02422339367128,0
N438446,2022-11-06 15:52:47,30099,30659.0,0,717432,98.91163576426537,98.13704351262825,91.99074200076667,0
N438446,2022-11-06 17:25:30,30100,30659.0,0,722995,99.17127947459215,89.58390588215565,98.65802599742842,0
N438446,2022-11-06 18:00:21,30101,30659.0,0,725086,97.00410813844651,92.10443105509836,97.93333450334183,0
N438446,2022-11-06 19:32:41,30102,30659.0,0,730626,101.63486968339069,103.7488507931681,109.83846899552138,0
N438446,2022-11-06 20:08:40,30103,30659.0,0,732785,99.04421477624206,91.29176524258698,103.53760179587178,0
N438446,2022-11-06 21:39:51,30104,30659.0,0,738256,100.35241521084131,89.24880280250014,93.64928234732658,1
N438446,2022-11-06 22:15:40,30105,30659.0,0,740405,99.89849614844735,92.78397986068283,91.78955217420258,0
N438446,2022-11-06 23:46:57,30106,30659.0,0,745882,99.48767772277286,103.20460449830979,91.8706306489345,0
N438446,2022-11-07 00:22:36,30107,30659.0,0,748021,99.29924282441723,94.28214078926706,107.47995659168642,0
N438446,2022-11-07 01:58:09,30108,30659.0,0,753754,100.32611016592621,94.1991637946496,90.41441239666412,0
N438446,2022-11-07 02:29:51,30109,30659.0,0,755656,99.40836413029021,101.17175616641505,92.62700359141321,0
N438446,2022-11-07 04:05:12,30110,30659.0,0,761377,99.89312432210902,100.55456430600266,105.39266169506703,0
N440208,2022-10-29 00:27:49,37552,16900.0,0,0,99.63535279831272,88.52603991448846,107.96314058488613,1
N440208,2022-10-29 02:29:51,37553,16900.0,0,7322,98.88696647651919,94.30253800312092,99.25615651198385,0
N440208,2022-10-29 04:31:36,37554,16900.0,0,14627,101.29914600927525,95.42990195689283,100.55982911851625,0
N440208,2022-10-29 06:33:26,37555,16900.0,0,21937,101.58327847268653,94.92914657007799,100.79249029677342,0
N440208,2022-10-29 08:35:38,37556,16900.0,0,29269,100.2585760998918,94.09183678902986,91.34132599928571,0
N440208,2022-10-29 10:36:54,37557,16900.0,0,36545,99.22318459235203,103.76779210133937,100.0622691235341,0
N440208,2022-10-29 12:37:24,37558,16900.0,0,43775,99.96156717201595,98.31529346630482,99.48630503387015,0
N440208,2022-10-29 14:38:09,37559,16900.0,0,51020,98.20987047698371,100.59830652768017,102.59185560413833,0
N440208,2022-10-29 16:40:23,37560,16900.0,0,58354,102.59282553988568,95.8738748016019,109.89329927835779,0
N440208,2022-10-29 18:41:52,37561,16900.0,0,65643,100.1630596485672,91.78453233126612,101.62472613098696,0
N440208,2022-10-29 20:44:48,37562,16900.0,0,73019,98.86201156376877,99.92057708772654,95.94191177747605,0
N440208,2022-10-29 22:45:15,37563,16900.0,0,80246,100.07769582164235,96.16168943523286,100.91567996374114,0
N440208,2022-10-30 00:46:36,37564,16900.0,0,87527,100.05862014416242,107.39416261715348,94.5398007219413,0
N440208,2022-10-30 02:48:32,37565,16900.0,0,94843,99.56924057968642,103.07250541307705,108.90075341666864,0
N440208,2022-10-30 04:50:28,37566,16900.0,0,102159,101.81112609610355,106.45625322308652,98.40986107634932,0
N440208,2022-10-30 06:52:19,37567,16900.0,0,109470,101.35261064809212,108.96775479138807,98.3282022563624,0
N440208,2022-10-30 08:54:27,37568,16900.0,0,116798,100.55764279938005,104.75232600125489,97.72160117814187,0
N440208,2022-10-30 10:58:35,37569,16900.0,0,124246,98.02299961025645,94.09198786229274,106.66322961514213,0
N440208,2022-10-30 13:01:57,37570,16900.0,0,131648,98.86704674489816,100.61174885007206,111.68214324652175,0
N440208,2022-10-30 15:05:11,37571,16900.0,0,139042,97.2047956414459,92.81233757119826,98.89413834557124,0
N440208,2022-10-30 17:09:48,37572,16900.0,0,146519,100.54557698040122,93.73758370650143,100.68399801545331,0
N440208,2022-10-30 19:14:45,37573,16900.0,0,154016,99.96170568215042,99.45384427206959,96.94633059173931,0
N440208,2022-10-30 21:19:00,37574,16900.0,0,161471,99.08397315337206,94.92887649940161,93.75715998648243,0
N440208,2022-10-30 23:23:38,37575,16900.0,0,168949,100.2697860585436,101.74284541555065,89.8248827829815,0
N440208,2022-10-31 01:28:17,37576,16900.0,0,176428,99.54309007780682,102.17023894482818,90.44948232648368,0
N440208,2022-10-31 03:33:14,37577,16900.0,0,183925,100.58272257192294,102.67886244133285,105.18854048141904,0
N440208,2022-10-31 05:37:43,37578,16900.0,0,191394,100.42508357245543,102.16689962831238,101.65112937885674,0
N440208,2022-10-31 07:31:06,37579,16900.0,0,198197,98.61636808303942,99.81845236044974,95.24625978939856,0
N440208,2022-10-31 08:59:56,37580,16900.0,0,203527,98.11634892523509,97.95797829169703,96.04829939054603,0
N440208,2022-10-31 10:26:01,37581,16900.0,0,208692,98.13651004461371,105.06107330785835,94.91697809757588,0
N440208,2022-10-31 11:57:13,37582,16900.0,0,214164,100.75829853772176,97.51868284888894,97.69867562723309,0
N440208,2022-10-31 13:26:03,37583,16900.0,0,219494,100.35088628679154,107.13465630459582,101.61531073323977,0
N440208,2022-10-31 14:39:39,37584,16900.0,0,223910,98.54643128381656,103.58724628626862,91.81170618700276,0
N440208,2022-10-31 15:04:30,37585,16900.0,0,225401,100.16653009637876,103.54776884150867,100.3604971778651,0
N440208,2022-10-31 16:39:05,37586,16900.0,0,231076,99.19783947730132,98.11020656073075,97.56609072563033,0
N440208,2022-10-31 17:05:19,37587,16900.0,0,232650,100.22121742265365,95.92597745990281,100.93223711878858,0
N440208,2022-10-31 18:43:22,37588,16900.0,0,238533,100.7593024259018,103.16631344016389,106.85941010302463,0
N440208,2022-10-31 19:05:50,37589,16900.0,0,239881,98.81613569305458,94.89669656450627,89.63079809133103,0
N440208,2022-10-31 20:42:49,37590,16900.0,0,245700,99.11450624647544,97.19204808699493,100.25491383368089,0
N440208,2022-10-31 21:10:24,37591,16900.0,0,247355,101.33235734866874,100.18631894796825,104.7547905996554,0
N440208,2022-10-31 22:46:22,37592,16900.0,0,253113,98.9414710068477,90.16073614315539,107.24014186012346,0
N440208,2022-10-31 23:14:33,37593,16900.0,0,254804,99.84855464241419,93.3121932421895,94.96292936043214,0
N440208,2022-11-01 00:53:33,37594,16900.0,0,260744,100.82702161358591,102.88457872945385,101.3302924462067,0
N440208,2022-11-01 01:23:19,37595,16900.0,0,262530,102.0281582188007,101.46789894367735,105.48208753069041,0
N440208,2022-11-01 03:01:41,37596,16900.0,0,268432,101.90646604241584,101.30880989001521,96.11174877668037,0
N440208,2022-11-01 03:31:04,37597,16900.0,0,270195,99.52323302747871,97.35238066983229,94.54878036624834,0
N440208,2022-11-01 05:09:17,37598,16900.0,0,276088,99.4598118929859,99.0870247238673,102.46140538648076,0
N440208,2022-11-01 05:37:57,37599,16900.0,0,277808,98.52054096354911,100.0146192525851,96.0377456587541,0
N440208,2022-11-01 07:18:00,37600,16900.0,0,283811,99.95279865708096,95.01936109524007,104.44520206178413,0
N440208,2022-11-01 07:44:36,37601,16900.0,0,285407,100.44707395957656,101.96410481248118,92.47763460385514,0
N440208,2022-11-01 09:24:23,37602,16900.0,0,291394,102.13959685280838,93.47747082364296,99.54574056316496,0
N440208,2022-11-01 09:51:11,37603,16900.0,0,293002,99.79587590243358,97.53698011834236,101.42111213232542,0
N440208,2022-11-01 11:30:55,37604,16900.0,0,298986,101.19286295292106,105.95003201298582,99.58813964626192,0
N440208,2022-11-01 11:57:06,37605,16900.0,0,300557,100.57603070022769,86.55089089061934,108.13122411549966,1
N440208,2022-11-01 13:37:14,37606,16900.0,0,306565,99.2475261657033,99.33143924626813,107.10440920440693,0
N440208,2022-11-01 14:03:21,37607,16900.0,0,308132,100.97609158085358,112.62348168246274,106.97797025951567,1
N440208,2022-11-01 15:44:00,37608,16900.0,0,314171,102.0461257925052,96.82306500375198,110.86370389513266,0
N440208,2022-11-01 16:10:55,37609,16900.0,0,315786,102.03093215378023,102.60885661531356,104.84639709455445,0
N440208,2022-11-01 17:51:36,37610,16900.0,0,321827,97.6941302862025,101.10380705556693,108.61037280786506,0
N440208,2022-11-01 18:19:26,37611,16900.0,0,323497,98.42224844820826,110.15188264553389,95.99991679719137,1
N440208,2022-11-01 19:59:38,37612,16900.0,0,329509,100.34408508441123,94.06088049070215,109.7560683617186,0
N440208,2022-11-01 20:27:10,37613,16900.0,0,331161,102.38395053009272,97.22465490679235,92.18611781322895,0
N440208,2022-11-01 22:07:25,37614,16900.0,0,337176,99.60118242467739,94.69442649948937,93.0499147750449,0
N440208,2022-11-01 22:34:51,37615,16900.0,0,338822,97.6270269118673,89.3697614022202,91.61111523450815,0
N440208,2022-11-02 00:14:59,37616,16900.0,0,344830,98.37280616191318,93.62154449202419,93.78651168450091,0
N440208,2022-11-02 00:42:46,37617,16900.0,0,346497,100.01229965215197,101.27000238001106,103.44147780634005,0
N440208,2022-11-02 02:22:56,37618,16900.0,0,352507,101.6835009849909,90.35317960181087,104.18636562042462,1
N440208,2022-11-02 02:54:13,37619,16900.0,0,354384,99.79657562778941,92.71300770264791,96.61834554985403,0
N440208,2022-11-02 04:32:12,37620,16900.0,0,360263,100.23417028036177,85.7347695109364,98.35978772633214,1
N440208,2022-11-02 05:04:32,37621,16900.0,0,362203,99.56386738614518,97.33558589639252,104.07087678697458,0
N440208,2022-11-02 06:35:38,37622,16900.0,0,367669,99.88888827911869,104.58499122534542,99.9260552380968,0
N440208,2022-11-02 07:06:30,37623,16900.0,0,369521,100.51206925122857,93.044224446204,97.53650051303234,0
N440208,2022-11-02 08:13:02,37624,16900.0,0,373513,97.29734647323112,101.31668508407957,96.61958750541169,0
N440208,2022-11-02 08:34:11,37625,16900.0,0,374782,101.60713820912227,94.82545518735105,97.37508354898408,0
N440208,2022-11-02 09:42:08,37626,16900.0,0,378859,99.19315373488584,97.52022129066381,98.79294568263614,0
N440208,2022-11-02 10:02:03,37627,16900.0,0,380054,100.22820357056119,90.02100032650452,104.23504903300132,1
N440208,2022-11-02 11:13:47,37628,16900.0,0,384358,102.25040513374222,102.73719086274666,101.57850948869776,0
N440208,2022-11-02 11:36:24,37629,16900.0,0,385715,101.29025683555271,102.31385129329081,104.08938892821917,0
N440208,2022-11-02 12:42:24,37630,16900.0,0,389675,99.54110278038677,99.17704350505244,106.78719237904514,0
N440208,2022-11-02 13:02:56,37631,16900.0,0,390907,101.96368238280617,102.5719598641427,106.26842447396365,0
N440208,2022-11-02 14:11:26,37632,16900.0,0,395017,100.1017946672815,98.01634674302392,81.26593149374085,0
N440208,2022-11-02 14:36:56,37633,16900.0,0,396547,100.27100754463572,95.2862368641585,93.20026993693882,0
N440208,2022-11-02 15:59:36,37634,16900.0,0,401507,97.74961285989865,98.79271208764388,100.53590441235147,0
N440208,2022-11-02 16:29:08,37635,16900.0,0,403279,100.49183140441171,96.98298965910948,111.15935891411388,0
N440208,2022-11-02 17:58:05,37636,16900.0,0,408616,101.0107682484435,95.52380495099834,96.02779604107648,0
N440208,2022-11-02 18:28:30,37637,16900.0,0,410441,99.64739131433205,105.49924854942518,106.2458201617051,0
N440208,2022-11-02 20:01:15,37638,16900.0,0,416006,101.75286640370767,103.76504344878464,98.03634111447066,0
N440208,2022-11-02 20:33:37,37639,16900.0,0,417948,100.24765027172423,100.62438048217693,103.08638073693486,0
N440208,2022-11-02 22:03:53,37640,16900.0,0,423364,100.14466396457448,88.6599378167787,102.89339323516165,1
N440208,2022-11-02 22:35:12,37641,16900.0,0,425243,100.10958832245919,101.08262753687845,99.22258435573525,0
N440208,2022-11-03 00:08:06,37642,16900.0,0,430817,100.4007938770753,110.44147747440459,107.93486834518154,1
N440208,2022-11-03 00:40:25,37643,16900.0,0,432756,99.64846181787546,94.80312485228835,111.25799305727864,0
N440208,2022-11-03 02:12:42,37644,16900.0,0,438293,99.60223578654137,98.74258289085377,102.51484570614979,0
N440208,2022-11-03 02:45:10,37645,16900.0,0,440241,97.11668501883285,93.258294839947,93.1564584301511,0
N440208,2022-11-03 04:17:34,37646,16900.0,0,445785,99.80369568263355,95.86222904355493,95.59610094711618,0
N440208,2022-11-03 04:50:14,37647,16900.0,0,447745,100.8211582879344,102.9865169045154,103.88818571514908,0
N440208,2022-11-03 06:22:26,37648,16900.0,0,453277,99.38241506394233,96.99324325005772,96.21655310116176,0
N440208,2022-11-03 06:53:12,37649,16900.0,0,455123,99.78472844021645,105.26181346472525,101.53633849519551,0
N440208,2022-11-03 08:02:15,37650,16900.0,0,459266,101.22482751602507,104.76115618569652,95.29047895860386,0
N440208,2022-11-03 08:26:23,37651,16900.0,0,460714,100.84046072027621,99.80637100690606,91.35184364805573,0
N440208,2022-11-03 09:35:58,37652,16900.0,0,464889,100.90218266922078,101.27678584709976,103.66580707720156,0
N440208,2022-11-03 09:56:34,37653,16900.0,0,466125,100.56145034822099,106.71397327027717,97.57388151653312,0
N440208,2022-11-03 11:03:41,37654,16900.0,0,470152,99.87122690939034,94.91162844560047,95.49665583167287,0
N440208,2022-11-03 11:30:46,37655,16900.0,0,471777,100.87101530775786,104.57328260069333,101.99039228244617,0
N440208,2022-11-03 12:32:15,37656,16900.0,0,475466,101.08764022008313,82.14867469601239,102.00948371154345,1
N440208,2022-11-03 13:04:44,37657,16900.0,0,477415,98.03522784813548,95.88195774056807,88.80987246801855,0
N440208,2022-11-03 14:07:20,37658,16900.0,0,481171,100.00086348578466,105.0295616746412,96.01114895892889,0
N440208,2022-11-03 14:43:40,37659,16900.0,0,483351,99.21315154949473,106.66923925894089,94.69303524196262,0
N440208,2022-11-03 15:47:53,37660,16900.0,0,487204,98.38622892686773,98.98278169109108,102.53703594199858,0
N440208,2022-11-03 16:14:19,37661,16900.0,0,488790,100.02338503509245,89.60874262534692,99.8397352871488,1
N440208,2022-11-03 17:14:59,37662,16900.0,0,492430,100.47768047457846,98.7745401149601,107.06004279373403,0
N440208,2022-11-03 17:43:32,37663,16900.0,0,494143,101.06241285831415,102.27836033342726,104.7718184990579,0
N440208,2022-11-03 18:58:34,37664,16900.0,0,498645,98.05020472571142,105.8082368928584,95.53005975182141,0
N440208,2022-11-03 19:29:44,37665,16900.0,0,500515,100.18853206288946,99.37714111005971,110.80532401565898,0
N440208,2022-11-03 21:01:45,37666,16900.0,0,506036,99.42396681880928,96.1818950991584,101.31718265398173,0
N440208,2022-11-03 21:34:43,37667,16900.0,0,508014,100.64645392377378,87.47231386404269,105.13879741527742,1
N440208,2022-11-03 23:06:41,37668,16900.0,0,513532,101.85214614524993,107.7085896230024,106.14085687958675,0
N440208,2022-11-03 23:39:00,37669,16900.0,0,515471,100.65588044277798,106.84954802347372,96.10837923120121,0
N440208,2022-11-04 01:09:35,37670,16900.0,0,520906,97.32733466207775,93.94237331383385,88.41207604536935,0
N440208,2022-11-04 01:43:47,37671,16900.0,0,522958,99.52343161199971,107.62384903658275,105.0208577779096,0
N440208,2022-11-04 03:12:42,37672,16900.0,0,528293,100.20885490447635,100.61185151064579,93.05363067347398,0
N440208,2022-11-04 03:46:57,37673,16900.0,0,530348,99.40364047275153,92.61025343487657,101.79891656079896,0
N440208,2022-11-04 05:15:46,37674,16900.0,0,535677,100.09460940832501,101.8457826901799,100.40396812034359,0
N440208,2022-11-04 05:50:15,37675,16900.0,0,537746,100.67981176278619,105.19066185345162,95.62236570137301,0
N440208,2022-11-04 07:08:31,37676,16900.0,0,542442,99.37938286258617,94.3396228096597,95.82243592997617,0
N440208,2022-11-04 07:39:22,37677,16900.0,0,544293,98.10460267519264,100.41000777923313,93.49436128230664,0
N440208,2022-11-04 08:40:39,37678,16900.0,0,547970,98.99271007338848,100.91776107344684,90.0452543324516,0
N440208,2022-11-04 09:08:09,37679,16900.0,0,549620,102.0974072658937,89.720293813514,106.27936182564385,1
N440208,2022-11-04 10:10:36,37680,16900.0,0,553367,99.02004208189372,101.01224228552259,102.94719705843505,0
N440208,2022-11-04 10:36:47,37681,16900.0,0,554938,100.31590953256404,99.31523004904636,105.84441359153693,0
N440208,2022-11-04 11:39:29,37682,16900.0,0,558700,99.67413237685122,103.17550183157128,93.83154137991716,0
N440208,2022-11-04 12:06:10,37683,16900.0,0,560301,101.80030046848542,105.26509729058964,89.71857920633023,0
N440208,2022-11-04 13:08:03,37684,16900.0,0,564014,102.00844846365774,104.72927267938375,105.81751967902228,0
N440208,2022-11-04 13:33:24,37685,16900.0,0,565535,100.96441427954322,94.84001236530686,109.1577410972498,0
N440208,2022-11-04 14:43:41,37686,16900.0,0,569752,99.67443640622164,107.45010569831629,94.96064787570924,0
N440208,2022-11-04 15:12:52,37687,16900.0,0,571503,102.08825319842765,116.19088743702765,99.19909328948117,1
N440208,2022-11-04 16:42:50,37688,16900.0,0,576901,100.92196971871668,111.67129735462123,99.37456019666826,1
N440208,2022-11-04 17:17:25,37689,16900.0,0,578976,99.96662868040221,99.26430716555076,103.3056659349881,0
N440208,2022-11-04 18:48:53,37690,16900.0,0,584464,100.54680263096432,112.04592015961364,95.0577140469901,1
N440208,2022-11-04 19:23:28,37691,16900.0,0,586539,99.65374388049267,94.48361764094525,94.81966876236189,0
N440208,2022-11-04 20:57:43,37692,16900.0,0,592194,101.05573426726576,105.58171088169553,108.0504107913047,0
N440208,2022-11-04 21:29:14,37693,16900.0,0,594085,100.91627819733797,101.94852074877494,101.60280123247342,0
N440208,2022-11-04 23:03:36,37694,16900.0,0,599747,100.672799386858,111.29076396299693,88.98981332628252,1
N440208,2022-11-04 23:33:41,37695,16900.0,0,601552,99.06973328143305,100.19712386507379,100.66249385357878,0
N440208,2022-11-05 01:10:37,37696,16900.0,0,607368,99.00524420984866,97.77288392339015,94.06072592540798,0
N440208,2022-11-05 01:39:30,37697,16900.0,0,609101,97.20262863581787,100.99424487715963,92.68263532509567,0
N440208,2022-11-05 03:16:14,37698,16900.0,0,614905,99.77721115730014,103.48596553466031,95.55483430441554,0
N440208,2022-11-05 03:45:16,37699,16900.0,0,616647,100.91062210989416,113.84016557104624,106.8780106089551,1
N440208,2022-11-05 05:21:55,37700,16900.0,0,622446,100.47971506384204,98.30905980109624,99.71295231684628,0
N440208,2022-11-05 05:50:47,37701,16900.0,0,624178,100.06680002645733,87.32851167176592,94.4879682701553,1
N440208,2022-11-05 07:27:28,37702,16900.0,0,629979,98.6903276617709,106.64260050561646,91.92983003187025,0
N440208,2022-11-05 07:56:22,37703,16900.0,0,631713,100.71493049849539,108.44655884334658,98.30355047760726,0
N440208,2022-11-05 09:34:32,37704,16900.0,0,637603,99.00216928346462,102.59595932162603,96.18023757326795,0
N440208,2022-11-05 10:04:13,37705,16900.0,0,639384,99.43955487597638,105.04379188349945,107.7024751343524,0
N440208,2022-11-05 11:43:02,37706,16900.0,0,645313,98.57747086926152,107.89178038397839,104.0425358600139,0
N440208,2022-11-05 12:12:57,37707,16900.0,0,647108,101.19619872338257,101.40422061803207,97.97214091074382,0
N440208,2022-11-05 13:50:04,37708,16900.0,0,652935,100.42686555147293,93.22174046161065,101.13428650613749,0
N440208,2022-11-05 14:19:56,37709,16900.0,0,654727,99.96000383598103,112.14405181940184,102.43652578059096,1
N440208,2022-11-05 15:57:06,37710,16900.0,0,660557,99.87031127665993,98.83228450824755,102.84346257764496,0
N440208,2022-11-05 16:29:54,37711,16900.0,0,662525,100.62807015679815,106.71578598731548,103.88386255157998,0
N440208,2022-11-05 18:05:45,37712,16900.0,0,668276,102.37492684781245,99.99165661780778,109.22527852123258,0
N440208,2022-11-05 18:37:27,37713,16900.0,0,670178,97.601159249519,92.90180254070911,90.53101926033872,0
N440208,2022-11-05 20:12:54,37714,16900.0,0,675905,99.65543464579179,108.58932979008806,102.73277810986554,0
N440208,2022-11-05 20:45:19,37715,16900.0,0,677850,100.19044879495448,99.88126530936594,95.84009211581966,0
N440208,2022-11-05 22:18:57,37716,16900.0,0,683468,98.78875362930442,97.99321814990374,98.11384435193068,0
N440208,2022-11-05 22:54:52,37717,16900.0,0,685623,100.91014056909025,105.45764276525087,96.89139028710179,0
N440208,2022-11-06 00:26:51,37718,16900.0,0,691142,99.92547467795322,90.34596177080765,93.9093993116164,0
N440208,2022-11-06 01:01:58,37719,16900.0,0,693249,100.19461495722985,93.82854784726936,108.44624635119335,0
N440208,2022-11-06 02:34:11,37720,16900.0,0,698782,99.1476418623662,108.95603043804536,107.01697112572266,0
N440208,2022-11-06 03:09:14,37721,16900.0,0,700885,100.121825835802,108.29887838726059,101.80212134261502,0
N440208,2022-11-06 04:41:16,37722,16900.0,0,706407,100.1945866581596,93.92151780583244,94.3548024370633,0
N440208,2022-11-06 05:16:19,37723,16900.0,0,708510,99.2390268743582,98.51530532414444,97.91778437282609,0
N440208,2022-11-06 06:49:05,37724,16900.0,0,714076,100.29218994446546,99.95777885663112,103.58905254392494,0
N440208,2022-11-06 07:23:44,37725,16900.0,0,716155,99.49664750750641,96.66813540917776,112.41642971890813,0
N440208,2022-11-06 08:56:31,37726,16900.0,0,721722,100.78147542784004,103.21569873231114,99.7264806839154,0
N440208,2022-11-06 09:30:43,37727,16900.0,0,723774,100.83463137605452,102.28254412260792,106.29514283321015,0
N440208,2022-11-06 11:04:02,37728,16900.0,0,729373,99.95131896172687,98.08800093386577,100.3103423496921,0
N440208,2022-11-06 11:38:14,37729,16900.0,0,731425,101.21305112055921,100.4372088207793,102.12185023514942,0
N440208,2022-11-06 13:11:08,37730,16900.0,0,736999,100.66702967147354,98.42487867739739,104.6962590636742,0
N440208,2022-11-06 13:45:30,37731,16900.0,0,739061,101.22459196105274,95.71181123758187,97.10667299857276,0
N440208,2022-11-06 15:18:15,37732,16900.0,0,744626,100.31079981892778,111.42880568020499,91.33183715862789,1
N440208,2022-11-06 15:52:51,37733,16900.0,0,746702,98.46996800031967,105.1912854005519,97.55712410508728,0
N440208,2022-11-06 17:25:27,37734,16900.0,0,752258,100.69881974297707,99.72609998794243,104.33021366829502,0
N440208,2022-11-06 18:00:25,37735,16900.0,0,754356,100.09478778346677,103.81446730429512,107.2718306511113,0
N440208,2022-11-06 19:32:38,37736,16900.0,0,759889,98.71600719725122,93.36160528496913,102.03850093886797,0
N440208,2022-11-06 20:08:43,37737,16900.0,0,762054,101.08414256340323,101.6588804742035,107.44798145605922,0
N440208,2022-11-06 21:39:48,37738,16900.0,0,767519,98.03043135796872,97.74518117301051,101.31507378584209,0
N440208,2022-11-06 22:15:43,37739,16900.0,0,769674,101.5118757253509,98.65947971434232,112.61641872377291,0
N440208,2022-11-06 23:46:54,37740,16900.0,0,775145,100.89616715074109,101.75047393321746,93.16363856236828,0
N440208,2022-11-07 00:22:40,37741,16900.0,0,777291,99.34061707446058,94.87805112840525,108.39284008390507,0
N440208,2022-11-07 01:58:05,37742,16900.0,0,783016,99.91874797233353,92.1057785390438,105.73175325736636,0
N440208,2022-11-07 02:29:54,37743,16900.0,0,784925,100.18147036291165,97.39514586817504,93.03329140767869,0
N440208,2022-11-07 04:05:09,37744,16900.0,0,790640,99.43632181338253,103.7883194254266,91.69361970487599,0
N867158,2022-10-29 00:27:25,94888,19753.0,1,0,98.97865869604686,100.81315515697148,98.12042665467672,0
N867158,2022-10-29 02:29:44,94889,19753.0,1,7339,100.36125680079809,104.15015682796847,90.53758016083164,0
N867158,2022-10-29 04:31:29,94890,19753.0,1,14644,100.4642228422213,83.99505267757318,103.0081930206641,1
N867158,2022-10-29 06:33:19,94891,19753.0,1,21954,101.33783069655354,93.23438841579605,96.28480943176055,0
N867158,2022-10-29 08:35:31,94892,19753.0,1,29286,100.42917807546954,95.41694810139273,110.52192343477029,0
N867158,2022-10-29 10:36:47,94893,19753.0,1,36562,101.1782796854631,103.25369036533903,108.1184914371701,0
N867158,2022-10-29 12:37:17,94894,19753.0,1,43792,100.8716987199487,92.30314722483567,110.3699411224643,0
N867158,2022-10-29 14:38:01,94895,19753.0,1,51036,101.50353125275001,104.61025022035203,101.87208080604003,0
N867158,2022-10-29 16:40:16,94896,19753.0,1,58371,98.57966690363779,93.84324600603799,98.47990275614185,0
N867158,2022-10-29 18:41:45,94897,19753.0,1,65660,101.42222481351165,97.2423982749547,103.38698439160308,0
N867158,2022-10-29 20:44:41,94898,19753.0,1,73036,99.13338142048956,101.70154016013784,101.1757172681014,0
N867158,2022-10-29 22:45:08,94899,19753.0,1,80263,98.94629837969732,92.50331901482805,89.7787704212665,0
N867158,2022-10-30 00:46:29,94900,19753.0,1,87544,99.29649338852491,98.07036672127244,102.44739088463328,0
N867158,2022-10-30 02:48:25,94901,19753.0,1,94860,100.45467065202952,95.53493314535655,104.16896698106983,0
N867158,2022-10-30 04:50:20,94902,19753.0,1,102175,100.62972390796652,100.788930358871,101.4557901947416,0
N867158,2022-10-30 06:52:12,94903,19753.0,1,109487,100.64140494115242,104.68822032693375,103.37438167454849,0
N867158,2022-10-30 08:54:21,94904,19753.0,1,116816,100.1782948097213,104.2575473251779,108.15673126911692,0
N867158,2022-10-30 10:58:28,94905,19753.0,1,124263,99.36117690893894,93.73144025473425,103.04065985706653,0
N867158,2022-10-30 13:01:49,94906,19753.0,1,131664,100.00590581313328,90.1913030363282,113.05651047067944,0
N867158,2022-10-30 15:05:04,94907,19753.0,1,139059,98.05283902943158,95.77328395108837,90.21169398236019,0
N867158,2022-10-30 17:09:41,94908,19753.0,1,146536,100.04905184133634,99.14067976943602,99.28274628666892,0
N867158,2022-10-30 19:14:38,94909,19753.0,1,154033,100.4864669053737,99.51362060372799,107.39540344470619,0
N867158,2022-10-30 21:18:52,94910,19753.0,1,161487,99.86578833342716,105.03032176064845,104.45858268540967,0
N867158,2022-10-30 23:23:31,94911,19753.0,1,168966,98.6823350171416,96.9457821495028,99.13152688767106,0
N867158,2022-10-31 01:28:09,94912,19753.0,1,176444,101.12589127084483,105.59053798504442,99.59253786778216,0
N867158,2022-10-31 03:33:07,94913,19753.0,1,183942,101.31935686157946,95.4170965806815,107.59195246515279,0
N867158,2022-10-31 05:37:35,94914,19753.0,1,191410,100.52646006369156,94.444216838772,104.92286407307878,0
N867158,2022-10-31 07:30:59,94915,19753.0,1,198214,100.09125703499387,114.59100720067124,96.54378756205865,1
N867158,2022-10-31 08:59:49,94916,19758.0,1,203544,97.77734075323646,95.89656556663343,95.5059285727594,0
N867158,2022-10-31 10:25:38,94917,19770.0,1,208693,100.94917694423539,102.75560620614128,96.85623569991132,0
N867158,2022-10-31 11:57:04,94918,19782.0,1,214179,99.89925003879104,91.12947869472205,101.32357479592628,0
N867158,2022-10-31 13:25:37,94919,19794.0,1,219492,99.78486962108342,92.62059570599067,108.11275746747174,0
N867158,2022-10-31 14:39:49,94920,19794.0,1,223944,101.27260491686332,108.28655081369224,107.08030454952244,0
N867158,2022-10-31 15:04:23,94921,19794.0,1,225418,99.06857674127124,90.63645974944751,96.58325625858991,0
N867158,2022-10-31 16:39:16,94922,19794.0,1,231111,101.37802180062883,97.23034119163344,105.98803809291216,0
N867158,2022-10-31 17:05:12,94923,19794.0,1,232667,99.10782626670103,100.6812259404097,92.3642239997536,0
N867158,2022-10-31 18:43:31,94924,19794.0,1,238566,98.70829753387453,93.15252841154447,108.10998095800154,0
N867158,2022-10-31 19:05:43,94925,19794.0,1,239898,100.28260265418764,103.5528153586045,109.7146393438095,0
N867158,2022-10-31 20:42:57,94926,19794.0,1,245732,98.98695588641961,91.12750999025363,94.38630930199312,0
N867158,2022-10-31 21:10:17,94927,19794.0,1,247372,99.00278345119565,100.37111018002676,95.00942506256258,0
N867158,2022-10-31 22:46:32,94928,19794.0,1,253147,100.81786609630151,95.4771674520334,102.42629674908686,0
N867158,2022-10-31 23:14:26,94929,19794.0,1,254821,102.02899224054953,98.48101557665308,107.76947114678384,0
N867158,2022-11-01 00:53:44,94930,19794.0,1,260779,100.18097873155192,100.38598859575166,99.98533032868303,0
N867158,2022-11-01 01:23:12,94931,19794.0,1,262547,100.95424843136703,106.04312573504193,93.7425436674124,0
N867158,2022-11-01 03:01:49,94932,19794.0,1,268464,100.63967801983185,103.77712813500668,108.68886202803888,0
N867158,2022-11-01 03:30:57,94933,19794.0,1,270212,100.07120889890697,103.50449861848799,94.89538568179248,0
N867158,2022-11-01 05:09:26,94934,19794.0,1,276121,100.69009842683433,110.26320998949608,101.27615208929457,0
N867158,2022-11-01 05:37:50,94935,19794.0,1,277825,100.95668940722284,99.91726293485483,103.70690107794447,0
N867158,2022-11-01 07:18:10,94936,19794.0,1,283845,100.21558986152968,87.3081457851513,102.20091671872758,1
N867158,2022-11-01 07:44:29,94937,19794.0,1,285424,100.22700535291199,101.96464778371735,91.03435771864392,0
N867158,2022-11-01 09:24:32,94938,19794.0,1,291427,101.63274359125852,107.21609378512112,105.99220739916542,0
N867158,2022-11-01 09:51:04,94939,19794.0,1,293019,99.90795990748033,101.11295257261513,91.70237346059224,0
N867158,2022-11-01 11:31:05,94940,19794.0,1,299020,99.64905648900098,91.91781354898602,99.57453921042661,0
N867158,2022-11-01 11:56:59,94941,19794.0,1,300574,100.26151082715758,91.74474275854737,91.22331317393912,0
N867158,2022-11-01 13:37:23,94942,19794.0,1,306598,100.14778541521241,90.13503745326501,92.10956247019556,0
N867158,2022-11-01 14:03:14,94943,19794.0,1,308149,101.60512620177524,101.48619525158976,106.13935223956558,0
N867158,2022-11-01 15:44:10,94944,19794.0,1,314205,100.48775930640112,96.60802892901091,100.47132328494337,0
N867158,2022-11-01 16:10:48,94945,19794.0,1,315803,100.2871300403094,95.19587065688692,104.35310387790524,0
N867158,2022-11-01 17:51:44,94946,19794.0,1,321859,99.92334516538241,103.46411389738041,103.22269577275404,0
N867158,2022-11-01 18:19:19,94947,19794.0,1,323514,100.55094705586663,105.21739091896876,104.61782220055102,0
N867158,2022-11-01 19:59:47,94948,19794.0,1,329542,101.75547250474726,98.68613574303193,110.2534954103111,0
N867158,2022-11-01 20:27:03,94949,19794.0,1,331178,101.2642117036244,107.56614943041765,96.15181494268293,0
N867158,2022-11-01 22:07:33,94950,19794.0,1,337208,102.83791240706016,97.16363433400717,94.90187788369903,0
N867158,2022-11-01 22:34:44,94951,19794.0,1,338839,101.13317527741566,102.78569232680222,97.36499263472075,0
N867158,2022-11-02 00:15:07,94952,19794.0,1,344862,100.40246972540713,100.01850944088314,91.07146053931146,0
N867158,2022-11-02 00:42:40,94953,19794.0,1,346515,99.50061044705723,106.95549527640452,93.33545302612363,0
N867158,2022-11-02 02:23:05,94954,19794.0,1,352540,101.64785346749865,96.88303693464053,104.26359538036662,0
N867158,2022-11-02 02:54:06,94955,19794.0,1,354401,100.14584727158955,96.05249288544769,99.9073593814665,0
N867158,2022-11-02 04:32:23,94956,19794.0,1,360298,100.39778631042586,100.65017061188217,95.03721651427679,0
N867158,2022-11-02 05:04:25,94957,19794.0,1,362220,100.1745476651362,102.0605958257774,91.14344638010532,0
N867158,2022-11-02 06:35:47,94958,19794.0,1,367702,99.81179907907988,100.60588836482347,93.2979843465904,0
N867158,2022-11-02 07:06:23,94959,19794.0,1,369538,99.27537319535794,108.0728157436957,107.64486699585547,0
N867158,2022-11-02 08:13:08,94960,19796.0,1,373543,99.47156807067232,95.63105380760877,99.02102960159858,0
N867158,2022-11-02 08:34:04,94961,19798.0,1,374799,99.52099149760828,96.18108934257147,99.39631598658823,0
N867158,2022-11-02 09:42:17,94962,19800.0,1,378892,100.3069442839248,107.55633483264221,102.23777531909917,0
N867158,2022-11-02 10:01:55,94963,19802.0,1,380070,101.93008661612194,109.53972466460753,101.1726174666661,0
N867158,2022-11-02 11:13:57,94964,19814.0,1,384392,101.01823671940255,104.04058742127204,107.03977218344151,0
N867158,2022-11-02 11:36:16,94965,19817.0,1,385731,99.98391633236169,97.43479114662055,88.69039423864571,0
N867158,2022-11-02 12:42:30,94966,19823.0,1,389705,100.76954656429933,102.44965331686348,93.3093825917581,0
N867158,2022-11-02 13:02:46,94967,19827.0,1,390921,98.86317459328659,101.35696725039655,97.90158540307199,0
N867158,2022-11-02 14:11:34,94968,19854.0,1,395049,100.90076905017223,101.09321776594662,88.71421715012247,0
N867158,2022-11-02 14:36:49,94969,19854.0,1,396564,100.63532500561773,105.06558124522505,95.95408268270423,0
N867158,2022-11-02 15:59:45,94970,19854.0,1,401540,100.641609633785,99.03983178622667,102.13244784755622,0
N867158,2022-11-02 16:29:00,94971,19854.0,1,403295,100.18646559728523,112.86093415140188,99.18244528723409,1
N867158,2022-11-02 17:58:14,94972,19854.0,1,408649,99.4793490813731,96.30336840438574,103.10030654102155,0
N867158,2022-11-02 18:28:23,94973,19854.0,1,410458,99.64886666793323,104.4970416960461,98.77531515575726,0
N867158,2022-11-02 20:01:25,94974,19854.0,1,416040,99.48006490796749,93.51035759579644,88.77207704357778,0
N867158,2022-11-02 20:33:30,94975,19854.0,1,417965,100.37291434674796,103.27749735121502,102.35215309599562,0
N867158,2022-11-02 22:04:02,94976,19854.0,1,423397,100.82610255603211,100.10993649548352,95.46487392616751,0
N867158,2022-11-02 22:35:05,94977,19854.0,1,425260,101.57341333167759,99.26791385485257,97.08505245798246,0
N867158,2022-11-03 00:08:16,94978,19854.0,1,430851,101.87539239756877,98.88970248380447,101.68741948035687,0
N867158,2022-11-03 00:40:18,94979,19854.0,1,432773,99.9250337102131,102.769870911738,100.66436032973368,0
N867158,2022-11-03 02:12:52,94980,19854.0,1,438327,101.06831174893334,99.13199793380278,103.36408609891916,0
N867158,2022-11-03 02:45:03,94981,19854.0,1,440258,100.00671831296403,99.05691087029227,98.32315267687545,0
N867158,2022-11-03 04:17:43,94982,19854.0,1,445818,100.78923931384759,96.72498862950945,93.43679647723765,0
N867158,2022-11-03 04:50:07,94983,19854.0,1,447762,100.23947504304014,99.90185248410218,104.16609778420163,0
N867158,2022-11-03 06:22:37,94984,19854.0,1,453312,98.18528590371386,99.12933991393314,98.60231747184639,0
N867158,2022-11-03 06:53:05,94985,19854.0,1,455140,98.77729442236219,100.38960789778315,101.11498750754457,0
N867158,2022-11-03 08:02:23,94986,19857.0,1,459298,98.99994155813654,92.58111314121565,92.66627280339124,0
N867158,2022-11-03 08:26:17,94987,19861.0,1,460732,101.9102840554343,105.68097896911597,93.47870197138522,0
N867158,2022-11-03 09:36:04,94988,19877.0,1,464919,100.84804078222824,114.26650566518163,94.85607019758189,1
N867158,2022-11-03 09:56:27,94989,19884.0,1,466142,98.81123503991212,100.33956660555077,95.03975780194213,0
N867158,2022-11-03 11:03:47,94990,19898.0,1,470182,100.48061535946745,97.57916320422471,100.04325293284809,0
N867158,2022-11-03 11:30:39,94991,19899.0,1,471794,100.8974811545141,100.48315001291941,109.95799098745299,0
N867158,2022-11-03 12:32:20,94992,19905.0,1,475495,99.79613669634745,95.83622350769632,87.63393501952706,0
N867158,2022-11-03 13:04:37,94993,19906.0,1,477432,98.12908469871029,87.21218356446293,91.66744866833672,1
N867158,2022-11-03 14:08:55,94994,19909.0,1,481290,101.92776738519787,89.68530786641598,101.44301816218879,1
N867158,2022-11-03 14:42:07,94995,19909.0,1,483282,99.0373019357004,98.99559567541347,97.80296151805106,0
N867158,2022-11-03 15:47:59,94996,19909.0,1,487234,99.77599844257244,106.18505180811792,111.94350221036835,0
N867158,2022-11-03 16:14:13,94997,19912.0,1,488808,101.05083132603362,93.21154196998546,105.83866675041074,0
N867158,2022-11-03 17:15:07,94998,19919.0,1,492462,100.12387861046489,110.34761695266673,108.86537683690504,1
N867158,2022-11-03 17:43:25,94999,19919.0,1,494160,100.55704174350284,116.691127193275,91.61377996464543,1
N867158,2022-11-03 18:58:42,95000,19919.0,1,498677,100.98113006376506,97.97838130087905,101.07639510788887,0
N867158,2022-11-03 19:29:38,95001,19919.0,1,500533,99.99572619816362,89.24233348383382,101.90888516086324,1
N867158,2022-11-03 21:01:54,95002,19919.0,1,506069,99.28529214321526,109.14091845710769,104.56674567961501,0
N867158,2022-11-03 21:34:36,95003,19919.0,1,508031,99.99032385263307,100.18072908170598,93.80008613490396,0
N867158,2022-11-03 23:06:49,95004,19919.0,1,513564,101.76282354337955,109.56210345209867,96.17943728059237,0
N867158,2022-11-03 23:38:54,95005,19919.0,1,515489,100.88304759398237,101.55035540749014,98.20479014810337,0
N867158,2022-11-04 01:09:43,95006,19919.0,1,520938,100.72697973462107,103.28234672383867,97.24184136127624,0
N867158,2022-11-04 01:43:40,95007,19919.0,1,522975,100.26730039950444,94.67563476988437,99.48025413658289,0
N867158,2022-11-04 03:12:51,95008,19919.0,1,528326,101.45008682550848,103.16977109632253,94.47281734675849,0
N867158,2022-11-04 03:46:51,95009,19919.0,1,530366,101.7053836540517,95.07046144180708,99.49252029511788,0
N867158,2022-11-04 05:15:55,95010,19919.0,1,535710,99.41762581103679,105.47849335171755,110.69058277594527,0
N867158,2022-11-04 05:50:09,95011,19919.0,1,537764,101.15485265919469,107.41909208855877,105.66300318797774,0
N867158,2022-11-04 07:08:40,95012,19919.0,1,542475,101.24420144271731,102.61598332478343,101.43880435468613,0
N867158,2022-11-04 07:39:16,95013,19924.0,1,544311,101.59589904804554,111.59067545161157,108.61707504331957,0
N867158,2022-11-04 08:40:48,95014,19927.0,1,548003,100.30835991076765,99.73171861855637,96.87464648356068,0
N867158,2022-11-04 09:08:02,95015,19935.0,1,549637,100.17518500300162,103.03042945059929,105.3493792089304,0
N867158,2022-11-04 10:10:46,95016,19947.0,1,553401,100.58136591259047,100.51126190690685,95.61078698169679,0
N867158,2022-11-04 10:36:40,95017,19948.0,1,554955,101.49115239208788,101.62209415796697,106.9694927683733,0
N867158,2022-11-04 11:39:38,95018,19959.0,1,558733,100.76271215026793,95.46121813766021,95.29763074700251,0
N867158,2022-11-04 12:06:03,95019,19963.0,1,560318,100.02665298014642,102.4772278958631,87.73116651739052,0
N867158,2022-11-04 13:08:10,95020,19984.0,1,564045,98.99790061817286,102.45327948895175,93.45577834963008,0
N867158,2022-11-04 13:33:18,95021,19989.0,1,565553,98.98119787817471,95.58930708237489,88.04263296499644,0
N867158,2022-11-04 14:43:51,95022,19991.0,1,569786,101.04316609170546,100.67256693405702,102.99980837186452,0
N867158,2022-11-04 15:12:45,95023,19991.0,1,571520,98.06170993824784,88.72274969234779,104.94098400363876,0
N867158,2022-11-04 16:43:00,95024,19991.0,1,576935,97.1421155570641,104.84656468026996,89.70732468510583,0
N867158,2022-11-04 17:17:18,95025,19991.0,1,578993,100.30797124275308,102.49602895276445,100.42793971652793,0
N867158,2022-11-04 18:49:02,95026,19991.0,1,584497,98.29602658615796,96.64169224953616,103.2737780123827,0
N867158,2022-11-04 19:23:21,95027,19991.0,1,586556,101.751688078404,103.86909371081892,105.2502309184318,0
N867158,2022-11-04 20:57:53,95028,19991.0,1,592228,98.96882333057799,99.31124673723133,107.47743921925115,0
N867158,2022-11-04 21:29:07,95029,19991.0,1,594102,99.0204297903778,99.82998603307328,92.33193848667347,0
N867158,2022-11-04 23:03:46,95030,19991.0,1,599781,99.45894846409594,99.92644434386051,98.8172615121417,0
N867158,2022-11-04 23:33:34,95031,19991.0,1,601569,101.06601627268512,97.4107642166718,91.89659447986719,0
N867158,2022-11-05 01:10:43,95032,19991.0,1,607398,100.62931558944912,104.98692897371383,101.68235929992922,0
N867158,2022-11-05 01:39:23,95033,19991.0,1,609118,98.8745826168114,100.39097785253914,99.71048369933435,0
N867158,2022-11-05 03:16:23,95034,19991.0,1,614938,99.91845935840291,107.3959325564303,102.7526225119618,0
N867158,2022-11-05 03:45:10,95035,19991.0,1,616665,99.02289171999203,99.93436155717349,105.92863969843242,0
N867158,2022-11-05 05:22:03,95036,19991.0,1,622478,99.83787435784166,106.14182158172453,95.15417035680845,0
N867158,2022-11-05 05:50:41,95037,19991.0,1,624196,102.89520684168612,95.12117464183677,107.60981439008323,0
N867158,2022-11-05 07:27:38,95038,19991.0,1,630013,97.69426797165454,98.84609140985982,103.65343342938525,0
N867158,2022-11-05 07:56:15,95039,19991.0,1,631730,99.98631737747928,98.89163883569084,99.04578145727392,0
N867158,2022-11-05 09:34:41,95040,19991.0,1,637636,102.05081689254334,101.91285476447918,98.08720076422865,0
N867158,2022-11-05 10:04:06,95041,19991.0,1,639401,100.03111262840117,103.31571311538035,101.68222612180016,0
N867158,2022-11-05 11:43:11,95042,19991.0,1,645346,98.11003528413305,97.84334556357408,100.28228950761282,0
N867158,2022-11-05 12:12:50,95043,19991.0,1,647125,99.72795981532302,96.4445728543188,95.65649343476059,0
N867158,2022-11-05 13:50:13,95044,19991.0,1,652968,99.72429709410046,102.33283078175076,105.19655077659151,0
N867158,2022-11-05 14:19:49,95045,19991.0,1,654744,99.41360960500532,101.36888746738627,104.35606138953696,0
N867158,2022-11-05 15:57:15,95046,19991.0,1,660590,99.61847894736717,102.51906005565462,97.54847246974197,0
N867158,2022-11-05 16:29:48,95047,19991.0,1,662543,100.18222163797967,102.03873350152233,95.98140835090547,0
N867158,2022-11-05 18:05:54,95048,19991.0,1,668309,100.78968315944311,98.35393103802815,99.29341322362141,0
N867158,2022-11-05 18:37:21,95049,19991.0,1,670196,99.60327959030224,99.53539275434525,93.701239219428,0
N867158,2022-11-05 20:13:03,95050,19991.0,1,675938,101.0283056078334,99.7943823083417,107.61205434981811,0
N867158,2022-11-05 20:45:13,95051,19991.0,1,677868,99.4654428313077,87.41905199196628,95.78786708150638,1
N867158,2022-11-05 22:19:06,95052,19991.0,1,683501,102.2986839689056,104.62196622259532,103.29568727680065,0
N867158,2022-11-05 22:54:46,95053,19991.0,1,685641,99.87574283997216,98.07044194638256,102.5919168759848,0
N867158,2022-11-06 00:27:01,95054,19991.0,1,691176,99.4989187633676,99.56556792465378,104.4485937952261,0
N867158,2022-11-06 01:01:51,95055,19991.0,1,693266,99.40575568952801,93.80354926831691,93.39227945001684,0
N867158,2022-11-06 02:34:20,95056,19991.0,1,698815,99.47061440322585,98.19323509310375,105.39695026378956,0
N867158,2022-11-06 03:09:07,95057,19991.0,1,700902,99.72537462263948,104.42818934481325,107.04712585133667,0
N867158,2022-11-06 04:41:25,95058,19991.0,1,706440,100.88996239961381,100.9692273447354,108.3382045885248,0
N867158,2022-11-06 05:16:12,95059,19991.0,1,708527,99.06047789462944,100.76226926754622,100.40902607652319,0
N867158,2022-11-06 06:49:14,95060,19991.0,1,714109,101.29677847115171,94.72291822881043,90.82424387236529,0
N867158,2022-11-06 07:23:37,95061,19991.0,1,716172,100.00276621937529,113.50545925621607,105.01925593182656,1
N867158,2022-11-06 08:56:40,95062,19991.0,1,721755,99.118053864842,100.98898828706946,96.39443741910624,0
N867158,2022-11-06 09:30:37,95063,19991.0,1,723792,99.18966223925666,92.58572616440861,81.94799889200971,0
N867158,2022-11-06 11:04:12,95064,19991.0,1,729407,99.29824984046353,103.6324998822674,98.29897455713792,0
N867158,2022-11-06 11:38:07,95065,19991.0,1,731442,101.19887461973374,97.86443623639323,104.8203250343576,0
N867158,2022-11-06 13:11:17,95066,19991.0,1,737032,99.93457769815339,100.82670799088366,100.49477167568547,0
N867158,2022-11-06 13:45:24,95067,19991.0,1,739079,98.14013965352618,93.59977907369695,105.84930529220445,0
N867158,2022-11-06 15:18:24,95068,19991.0,1,744659,100.15144861877195,106.83117980181015,110.40426175300425,0
N867158,2022-11-06 15:52:44,95069,19991.0,1,746719,99.11572336941624,104.52437871355129,102.42509457056059,0
N867158,2022-11-06 17:25:36,95070,19991.0,1,752291,100.09808969535749,94.32914900936002,102.91861836518746,0
N867158,2022-11-06 18:00:18,95071,19991.0,1,754373,99.78872075118595,102.43199583634583,101.3659076202418,0
N867158,2022-11-06 19:32:45,95072,19991.0,1,759920,98.05486350793679,92.78481469207857,97.48086610120147,0
N867158,2022-11-06 20:08:37,95073,19991.0,1,762072,100.45126056425251,99.27620677147557,103.6455482178976,0
N867158,2022-11-06 21:39:56,95074,19991.0,1,767551,100.88532074188615,88.36937619648066,101.90285283240418,1
N867158,2022-11-06 22:15:37,95075,19991.0,1,769692,98.7434456836921,99.8892418475806,87.15517673783003,0
N867158,2022-11-06 23:47:02,95076,19991.0,1,775177,96.72385268051977,89.265162737461,98.07299866226356,0
N867158,2022-11-07 00:22:33,95077,19991.0,1,777308,100.6972266844817,103.45613054117844,106.9235518048653,0
N867158,2022-11-07 01:58:14,95078,19991.0,1,783049,101.35043517378634,106.47373299061945,96.98489032696277,0
N867158,2022-11-07 02:29:48,95079,19991.0,1,784943,101.03763981348155,106.97284227285192,106.706723688816,0
N867158,2022-11-07 04:05:17,95080,19991.0,1,790672,99.48771799033675,87.00606142259352,103.51404827730924,1
